"","pm25","fips","longitude","latitude","regnum"
"1",9.77118522614686,1003,-87.74826,30.592781,1
"2",9.99381725284814,1027,-85.842858,33.26581,1
"3",10.6886181012839,1033,-87.72596,34.73148,1
"4",11.3374236874237,1049,-85.798919,34.459133,1
"5",12.1197644686119,1055,-86.032125,34.018597,1
"6",10.8278048723489,1069,-85.350387,31.189731,1
"7",11.5839280137523,1073,-86.82805,33.527872,1
"8",11.2619958748527,1089,-86.588226,34.73079,1
"9",9.41442269955754,1097,-88.139667,30.722256,1
"10",11.3914937063423,1103,-86.91892,34.507018,1
"11",12.3847949521764,1113,-85.1011,32.376002,1
"12",10.6495003064202,1117,-86.698665,33.26912,1
"13",11.3338213580728,1121,-86.178278,33.368498,1
"14",12.3024361179754,1125,-87.511691,33.2356,1
"15",11.0245082815735,1127,-87.285406,33.819888,1
"16",6.05886019051495,2020,-149.762097,61.1919,2
"17",11.1014667422525,2090,-147.568384,64.81859,2
"18",7.30811257305026,2110,-134.511579,58.351422,2
"19",7.14762626262626,2170,-149.481089,61.762742,2
"20",6.92984404484405,4003,-109.904319,31.750272,2
"21",6.132350718065,4005,-111.511062,35.77144,2
"22",8.22833917280753,4013,-112.087906,33.494514,2
"23",5.3284750021471,4019,-111.088624,32.17841,2
"24",10.5028619597453,4021,-111.498113,32.965668,2
"25",11.3264992137362,4023,-110.905734,31.4819,2
"26",5.16541323932628,4025,-112.414707,34.650332,2
"27",10.8355150496786,5001,-91.429413,34.359997,1
"28",10.4362348272642,5003,-91.785346,33.18542,1
"29",11.1147433188335,5035,-90.2728,35.197701,1
"30",10.8231569069069,5045,-92.379944,35.119477,1
"31",10.7455228065043,5051,-93.075894,34.545307,1
"32",10.4503506375228,5067,-91.227582,35.613258,1
"33",10.7239588859416,5107,-90.761973,34.468372,1
"34",10.4417366946779,5113,-94.253631,34.48549,1
"35",11.0976451597588,5115,-93.084446,35.330478,1
"36",11.8400858533296,5119,-92.294471,34.766541,1
"37",11.1050030345373,5131,-94.351769,35.293916,1
"38",10.8870238095238,5139,-92.612793,33.207179,1
"39",10.6965244667289,5143,-94.198684,36.051379,1
"40",10.641452991453,5145,-91.730562,35.250106,1
"41",9.46590188607592,6001,-122.096151,37.716662,2
"42",9.84229717813051,6007,-121.64631,39.648354,2
"43",6.76874278843292,6009,-120.557245,38.167573,2
"44",6.94475890985325,6011,-122.152389,39.187495,2
"45",8.54517291213449,6013,-122.060886,37.942423,2
"46",16.1945239442507,6019,-119.90347,36.638374,2
"47",7.19696623951355,6023,-123.988265,40.747403,2
"48",9.41794677963536,6025,-115.487593,32.963098,2
"49",6.43133065191889,6027,-117.693329,36.709037,2
"50",15.803779721076,6029,-118.683344,35.296023,2
"51",18.4407314017251,6031,-119.811272,36.155141,2
"52",3.49435096561789,6033,-122.751791,39.023264,2
"53",16.6618011295383,6037,-118.234216,34.08851,2
"54",8.15131805731041,6045,-123.430217,39.363102,2
"55",15.0157326718079,6047,-120.674118,37.245783,2
"56",6.45565456155149,6053,-121.528953,36.450732,2
"57",5.28099869664386,6057,-120.814268,39.270775,2
"58",14.5062723406882,6059,-117.861663,33.731518,2
"59",7.96918321142459,6061,-120.947618,38.971576,2
"60",9.67839312107419,6063,-120.851195,40.020149,2
"61",17.4290486592135,6065,-116.803605,33.783307,2
"62",9.67934206826549,6067,-121.389266,38.561106,2
"63",5.99577421686427,6069,-121.288843,36.745753,2
"64",9.84362711860765,6073,-117.062993,32.904616,2
"65",10.7410869231163,6075,-122.437392,37.759881,2
"66",11.5600218772021,6077,-121.281307,37.945959,2
"67",7.30846636864851,6079,-120.58746,35.373909,2
"68",8.99963596301318,6081,-122.331932,37.531037,2
"69",8.41596420305724,6083,-120.071425,34.649384,2
"70",9.84144647290684,6085,-121.912818,37.306509,2
"71",6.19679173840357,6087,-121.973761,37.002349,2
"72",5.5605463980464,6089,-122.121202,40.688705,2
"73",5.70241404638811,6093,-122.502816,41.614943,2
"74",10.0994598549599,6095,-122.051826,38.235934,2
"75",6.9254031864888,6097,-122.768624,38.440089,2
"76",16.2519038272246,6099,-120.9588,37.613805,2
"77",7.30965689062766,6101,-121.658159,39.076193,2
"78",16.1835830784913,6107,-119.166093,36.234647,2
"79",9.61713614709045,6111,-119.045326,34.277048,2
"80",7.7050032488629,6113,-121.775709,38.634155,2
"81",8.46951893407169,8001,-104.869954,39.866716,2
"82",6.65466368191024,8005,-104.841455,39.641904,2
"83",6.77176468914163,8013,-105.195154,40.058094,2
"84",7.73387698622957,8031,-104.965486,39.726287,2
"85",5.73200461553332,8035,-104.888716,39.461171,2
"86",4.18609021246952,8039,-104.292156,39.293642,2
"87",5.97189954174968,8041,-104.748828,38.865444,2
"88",6.61487829803047,8069,-105.213007,40.534099,2
"89",9.32877602411928,8077,-108.509096,39.095228,2
"90",6.27593990755008,8083,-108.575842,37.353687,2
"91",7.68074488100719,8123,-104.728213,40.346681,2
"92",9.82177829367954,9001,-73.35482,41.212896,1
"93",8.89481883497206,9003,-72.715449,41.769967,1
"94",7.02987073611182,9005,-73.212688,41.754255,1
"95",10.001609188939,9009,-72.94032,41.390764,1
"96",8.82187485318614,9011,-72.092949,41.446109,1
"97",10.4129542695584,10001,-75.560273,39.092714,1
"98",11.5517555159747,10003,-75.611707,39.695612,1
"99",10.8377180079334,10005,-75.342268,38.651424,1
"100",11.0238225610986,11001,-77.013222,38.913611,1
"101",7.50346095206785,12001,-82.379953,29.676436,1
"102",6.87720081743389,12009,-80.685189,28.220079,1
"103",6.9775362209526,12011,-80.206098,26.134788,1
"104",7.37522901571828,12017,-82.469163,28.894637,1
"105",8.3783776391644,12031,-81.638873,30.320873,1
"106",8.96184160987206,12033,-87.277355,30.502045,1
"107",8.3415452544009,12057,-82.412079,27.966349,1
"108",6.74496639545312,12071,-81.846262,26.602541,1
"109",9.79596697012138,12073,-84.260888,30.462933,1
"110",5,12086,-80.302264,25.756427,1
"111",7.28553506718511,12095,-81.404159,28.547129,1
"112",6.34854026253636,12099,-80.176395,26.637745,1
"113",7.73819636495411,12103,-82.727766,27.889647,1
"114",7.67951903770358,12105,-81.758303,27.992436,1
"115",7.58490910924539,12111,-80.360875,27.348246,1
"116",6.8008151008151,12115,-82.398881,27.16493,1
"117",7.50035481331534,12117,-81.310831,28.709909,1
"118",7.21377345515277,12127,-81.138947,29.049037,1
"119",11.9592084944023,13021,-83.665205,32.829689,1
"120",10.8244700530908,13051,-81.107165,32.047559,1
"121",11.2922785144695,13059,-83.380111,33.954747,1
"122",12.9139027854494,13063,-84.365597,33.566178,1
"123",12.018415914295,13067,-84.559283,33.935535,1
"124",12.1454136960407,13089,-84.25768,33.790944,1
"125",11.746439215797,13095,-84.163206,31.572874,1
"126",11.8178209192191,13121,-84.419327,33.779605,1
"127",9.79381248890527,13127,-81.496294,31.187633,1
"128",12.1452780063074,13135,-84.058446,33.967056,1
"129",11.1883344861037,13139,-83.842959,34.296799,1
"130",11.4223252694182,13153,-83.663234,32.558055,1
"131",9.70988046483951,13185,-83.277179,30.848527,1
"132",12.2006601852966,13215,-84.942179,32.490061,1
"133",10.9490592810391,13223,-84.831116,33.902776,1
"134",12.392874647024,13245,-82.028396,33.429488,1
"135",10.6727069308928,13295,-85.291825,34.818692,1
"136",11.3584635917969,13303,-82.782607,32.949364,1
"137",12.1213807083732,13319,-83.226599,32.83589,1
"138",6.82441875383051,15001,-155.393159,19.683885,2
"139",5.78351927988093,15003,-158.035861,21.426126,2
"140",5.6939448645207,15009,-156.615839,20.901025,2
"141",10.3294045074514,16001,-116.280069,43.5603,2
"142",4.91714043782155,16005,-112.346267,42.777785,2
"143",10.7924482408342,16009,-116.637643,47.240039,2
"144",8.8466406534255,16027,-116.673633,43.61814,2
"145",10.3763269924492,16041,-111.855585,42.153211,2
"146",12.4378980220572,16059,-113.778243,44.948818,2
"147",13.3469102904998,16079,-116.040486,47.417879,2
"148",9.35373976746836,17001,-91.268051,39.965452,1
"149",11.059005118607,17019,-88.216752,40.136824,1
"150",11.8780076805531,17031,-87.767817,41.837649,1
"151",10.9013088512241,17043,-88.063587,41.856029,1
"152",11.2698378522063,17065,-88.536242,38.096779,1
"153",10.336829004329,17083,-90.342138,39.083608,1
"154",10.5814567968035,17089,-88.338441,41.918229,1
"155",9.2564950627936,17097,-87.983801,42.313322,1
"156",10.2752187901461,17099,-88.904285,41.332155,1
"157",10.003862064924,17111,-88.353772,42.296401,1
"158",10.4695875139353,17113,-88.883582,40.495251,1
"159",11.6319264428935,17115,-88.953227,39.853136,1
"160",12.702122831133,17119,-90.018837,38.812515,1
"161",11.1160700016684,17143,-89.665063,40.752492,1
"162",10.1047342756054,17157,-89.796877,38.079211,1
"163",9.65526315789474,17161,-90.507532,41.491433,1
"164",12.3310604774049,17163,-90.002067,38.532682,1
"165",11.0390648425787,17167,-89.646499,39.763854,1
"166",10.5051792723394,17197,-88.02984,41.527431,1
"167",10.0347250809987,17201,-89.08163,42.311119,1
"168",13.0931187500138,18003,-85.100068,41.090284,1
"169",13.1446592093778,18019,-85.727465,38.386482,1
"170",11.8553016640881,18035,-85.396077,40.211893,1
"171",13.0239225555372,18037,-86.900551,38.350091,1
"172",12.0461756061115,18039,-85.899404,41.626089,1
"173",12.3671405767727,18043,-85.863288,38.316931,1
"174",11.630028527498,18051,-87.558364,38.3177,1
"175",11.4432521852433,18065,-85.405985,39.923532,1
"176",11.6924524127122,18067,-86.126407,40.475438,1
"177",11.8117812795938,18083,-87.418937,38.697416,1
"178",12.7532869466665,18089,-87.395253,41.529603,1
"179",10.6469459530144,18091,-86.779261,41.599217,1
"180",12.0895111242388,18095,-85.719201,40.14594,1
"181",13.8832168707687,18097,-86.14181,39.792792,1
"182",12.1973541767198,18127,-87.086655,41.52351,1
"183",13.4352543307883,18141,-86.241933,41.664783,1
"184",12.224040041983,18147,-87.013205,38.024372,1
"185",12.1950547177351,18157,-86.88088,40.409485,1
"186",12.8288775395985,18163,-87.556964,37.989892,1
"187",12.2609157118629,18167,-87.391268,39.456887,1
"188",10.4736962770473,19013,-92.344731,42.487586,1
"189",11.6990452738192,19045,-90.427404,41.871169,1
"190",10.9172629816653,19103,-91.568871,41.674915,1
"191",11.1236639236879,19111,-91.416607,40.576831,1
"192",10.407355367073,19113,-91.630559,42.029994,1
"193",9.28889224065695,19137,-95.159253,41.013101,1
"194",12.679210751879,19139,-91.084801,41.472456,1
"195",8.82850404312669,19147,-94.688715,43.090301,1
"196",9.40201510835567,19153,-93.630942,41.627938,1
"197",10.8313455499634,19155,-95.680399,41.308529,1
"198",11.9607604301067,19163,-90.578862,41.572127,1
"199",9.28110499880411,19177,-91.948808,40.740217,1
"200",8.93896188478685,20091,-94.753767,38.932175,1
"201",9.33779024592978,20107,-94.805322,38.223827,1
"202",9.05711530713215,20173,-97.36347,37.681327,1
"203",9.32216152841153,20177,-95.710259,39.03915,1
"204",8.68183331819695,20191,-97.432563,37.26461,1
"205",9.7411819651878,20209,-94.69276,39.103711,1
"206",11.2818263607737,21013,-83.702245,36.691388,1
"207",11.405536872264,21019,-82.664583,38.425361,1
"208",12.6653247822665,21029,-85.672052,38.005184,1
"209",11.8011875934401,21037,-84.433303,39.036524,1
"210",9.68513234753605,21043,-83.049318,38.307846,1
"211",11.3224653698792,21047,-87.481989,36.854445,1
"212",12.0517527673095,21059,-87.105097,37.750648,1
"213",12.3957936523464,21067,-84.494642,38.029632,1
"214",11.1037138188609,21073,-84.868393,38.203653,1
"215",11.7650292954172,21093,-85.914926,37.738924,1
"216",11.8591950782035,21101,-87.568076,37.802623,1
"217",13.0588135499759,21111,-85.704021,38.209237,1
"218",11.9036446011229,21117,-84.539347,39.026743,1
"219",11.6700302343159,21145,-88.651111,37.059705,1
"220",10.3434330163497,21151,-84.27224,37.699681,1
"221",11.5546621879169,21183,-86.879363,37.456506,1
"222",10.0901497369687,21195,-82.411115,37.447794,1
"223",11.5114626909954,21227,-86.42455,36.986914,1
"224",10.8511742051786,22017,-93.813906,32.527562,1
"225",8.87430973517136,22019,-93.291757,30.237442,1
"226",9.97039679617448,22033,-91.119654,30.480122,1
"227",9.76181836142642,22047,-91.287188,30.275168,1
"228",9.07945329347656,22051,-90.1514,29.935238,1
"229",9.79997038240766,22055,-92.038879,30.207388,1
"230",9.70396147150449,22073,-92.115857,32.509377,1
"231",8.89871776296726,22079,-92.476589,31.262083,1
"232",12.1783537749805,22087,-89.89026,29.922088,1
"233",9.13448640646916,22105,-90.462949,30.607405,1
"234",8.52827622014538,22109,-90.735917,29.541174,1
"235",11.8026775921897,22121,-91.263053,30.452085,1
"236",7.79428610906411,23001,-70.217663,44.135072,1
"237",6.16244323094984,23003,-68.261663,46.637362,1
"238",8.18271314335201,23005,-70.327978,43.784479,1
"239",4.50453934354474,23009,-68.415711,44.512741,1
"240",7.33442566054635,23011,-69.784554,44.399958,1
"241",8.25966374269006,23017,-70.705175,44.324518,1
"242",7.38414669783752,23019,-68.722469,45.17193,1
"243",5.18625013760234,23021,-69.33369,45.565184,1
"244",11.4394020016885,24003,-76.576891,39.05786,1
"245",11.0231924080553,24005,-76.612627,39.372206,1
"246",11.6654863989306,24015,-75.951459,39.592628,1
"247",9.52946522657514,24025,-76.290245,39.534674,1
"248",10.6695080583002,24031,-77.124386,39.072608,1
"249",10.9266248723521,24033,-76.882176,38.906334,1
"250",10.9197430826349,24043,-77.774436,39.614696,1
"251",11.3709750520062,24510,-76.617016,39.307956,1
"252",9.19451914098973,25003,-73.209889,42.396128,1
"253",8.28275446883394,25005,-71.102131,41.778329,1
"254",7.94932478030371,25009,-70.970827,42.635475,1
"255",9.24457581475404,25013,-72.571312,42.12756,1
"256",8.03113665833102,25017,-71.275566,42.459085,1
"257",8.55000722475601,25023,-70.818958,41.978877,1
"258",9.78867233024303,25025,-71.073493,42.334948,1
"259",8.83497903990617,25027,-71.840209,42.329642,1
"260",8.93590525709103,26005,-85.903867,42.592727,1
"261",8.40468536211813,26017,-83.917406,43.636656,1
"262",9.20833768350815,26021,-86.426818,41.971239,1
"263",14.6235004359233,26033,-84.497987,46.322274,1
"264",9.14099752540553,26049,-83.700504,43.011877,1
"265",9.25362380726576,26065,-84.469828,42.667752,1
"266",10.071916144362,26077,-85.561317,42.259641,1
"267",10.2299157315414,26081,-85.612696,42.98864,1
"268",9.53532501124606,26091,-84.065929,41.917635,1
"269",9.6692579869516,26099,-82.951762,42.591138,1
"270",6.74509066901192,26101,-86.135402,44.323788,1
"271",6.15330113532256,26113,-85.145565,44.32747,1
"272",10.370515751246,26115,-83.484125,41.919053,1
"273",9.09049954542503,26121,-86.21617,43.254681,1
"274",10.0200564971751,26125,-83.305598,42.588233,1
"275",9.99355289703415,26139,-86.049749,42.929975,1
"276",9.88888637303393,26147,-82.597855,42.916954,1
"277",10.1040336280696,26161,-83.759473,42.260331,1
"278",10.8806689799788,26163,-83.19795,42.337237,1
"279",9.56867589462954,27037,-93.120132,44.7588,1
"280",9.64989309691582,27053,-93.362357,44.971331,1
"281",9.59445850469261,27109,-92.442548,44.007477,1
"282",10.2050152804098,27123,-93.106593,44.990915,1
"283",6.26349779607528,27137,-92.404547,47.369145,1
"284",9.42211912179202,27139,-93.510829,44.696343,1
"285",8.55998200089996,27145,-94.495886,45.540863,1
"286",10.2877507209013,28001,-91.354348,31.535545,1
"287",10.7581823929192,28011,-90.830139,33.803284,1
"288",10.6451528237764,28033,-89.992068,34.904345,1
"289",11.9985754985755,28035,-89.276207,31.263019,1
"290",9.76825280429092,28043,-89.803446,33.775041,1
"291",8.99327614784088,28047,-89.079536,30.427896,1
"292",11.4474117631613,28049,-90.305374,32.294333,1
"293",9.70573684210526,28059,-88.633143,30.455709,1
"294",12.1574041554997,28067,-89.17378,31.652274,1
"295",11.497954956176,28075,-88.678186,32.400078,1
"296",11.3042534581891,28081,-88.682514,34.276904,1
"297",11.3759900746382,29021,-94.827011,39.722544,1
"298",9.82397108745685,29037,-94.376663,38.689373,1
"299",10.1992643383914,29039,-93.885396,37.7305,1
"300",9.60990396323765,29047,-94.474033,39.253674,1
"301",10.1352400106444,29077,-93.316087,37.216298,1
"302",11.1735921402681,29095,-94.463242,39.024005,1
"303",10.9352417209583,29099,-90.499266,38.285842,1
"304",12.5235490845219,29510,-90.242806,38.627718,1
"305",8.18520238962262,30029,-114.321279,48.26788,2
"306",6.87545272286954,30031,-111.186786,45.663871,2
"307",8.03003253664964,30049,-112.153933,46.813873,2
"308",11.4640386259067,30053,-115.359348,48.558617,2
"309",8.29427321917999,30063,-113.968607,46.939971,2
"310",7.18724327002699,30081,-114.117236,46.210173,2
"311",5.13591559259374,30083,-104.458252,47.779342,2
"312",6.17056584886774,30089,-115.084463,47.633114,2
"313",8.85858796296296,30093,-112.562536,45.960929,2
"314",9.37695599122917,31055,-96.050944,41.264027,1
"315",7.36736819076215,31079,-98.417732,40.894156,1
"316",8.50389554904833,31109,-96.681392,40.796701,1
"317",10.0064754815115,31153,-96.031099,41.14287,1
"318",8.75971822341257,31177,-96.198876,41.516281,1
"319",6.6724260979013,32003,-115.117901,36.139215,2
"320",7.20333687724705,32031,-119.763634,39.704166,2
"321",5.71197632058288,33001,-71.436077,43.515202,1
"322",10.2082991657245,33005,-72.242077,42.911802,1
"323",6.83499782024821,33009,-71.89463,43.896067,1
"324",8.34972918709436,33011,-71.582737,42.895585,1
"325",8.5159294969901,33013,-71.637253,43.277704,1
"326",7.59825818049018,33015,-71.077622,42.96287,1
"327",8.82701794307081,34001,-74.621566,39.447721,1
"328",9.03590451416538,34003,-74.059037,40.930457,1
"329",9.87622644263949,34007,-75.029263,39.869213,1
"330",9.11774527637991,34015,-75.136197,39.752778,1
"331",10.6562578539116,34017,-74.069,40.740351,1
"332",9.02415923073705,34021,-74.711654,40.252908,1
"333",8.6325129421166,34023,-74.383918,40.494044,1
"334",8.07352846617576,34027,-74.500442,40.867167,1
"335",8.67711568456971,34029,-74.210903,39.918818,1
"336",9.53897002479153,34031,-74.216831,40.946491,1
"337",10.4323571790708,34039,-74.301654,40.657752,1
"338",9.55134699454577,34041,-75.030699,40.803025,1
"339",5.42580029507551,35001,-106.612469,35.101046,2
"340",5.6890965386104,35005,-104.444987,33.355893,2
"341",7.83828823219103,35013,-106.78167,32.274123,2
"342",4.79364360267758,35017,-108.246748,32.708567,2
"343",5.67873831775701,35025,-103.327764,32.728441,2
"344",4.60140846243545,35045,-108.30406,36.577598,2
"345",4.19568783609012,35049,-106.007134,35.588826,2
"346",8.23348825302021,36001,-73.849077,42.662095,1
"347",11.3671288501025,36005,-73.873207,40.846761,1
"348",7.77127949484879,36013,-79.345719,42.2407,1
"349",10.0348218426317,36029,-78.796303,42.859908,1
"350",4.62527947083762,36031,-73.737594,44.162194,1
"351",10.8843581622251,36047,-73.952247,40.649812,1
"352",8.25159006795928,36055,-77.630324,43.159963,1
"353",9.70476598677189,36059,-73.602538,40.715949,1
"354",11.7849004678274,36061,-73.973533,40.769656,1
"355",8.9042444268613,36063,-78.848097,43.146089,1
"356",7.92652243117573,36067,-76.179117,43.048433,1
"357",8.59196938859061,36071,-74.27948,41.406117,1
"358",10.1146409158338,36081,-73.820376,40.714295,1
"359",9.93635420143594,36085,-74.140923,40.582197,1
"360",7.50027150782794,36101,-77.363147,42.283617,1
"361",8.92497366203119,36103,-73.026232,40.833314,1
"362",9.61133772773696,36119,-73.794013,41.057167,1
"363",11.27216297368,37001,-79.413917,36.076036,1
"364",9.31947705785482,37021,-82.531461,35.59526,1
"365",10.383642317916,37033,-79.320014,36.406412,1
"366",11.8062762938835,37035,-81.247567,35.695613,1
"367",9.70731034235409,37037,-79.282856,35.702312,1
"368",11.3768352028353,37051,-78.907247,35.056213,1
"369",12.43392079794,37057,-80.197806,35.816809,1
"370",9.75080353306394,37061,-77.988007,34.924123,1
"371",10.954336282998,37063,-78.900356,35.998343,1
"372",10.0627506645497,37065,-77.640306,35.916244,1
"373",10.9714908974219,37067,-80.244596,36.1142,1
"374",11.308122722154,37071,-81.166447,35.284549,1
"375",11.0229603167885,37081,-79.846984,36.052635,1
"376",11.0450660684255,37087,-82.960527,35.523376,1
"377",9.44562298758968,37099,-83.183862,35.313469,1
"378",9.80939098232848,37107,-77.630588,35.250556,1
"379",11.0337415490157,37111,-82.038396,35.686938,1
"380",9.44409520768716,37117,-77.123835,35.83833,1
"381",11.3151363836954,37119,-80.830859,35.231792,1
"382",10.1944771429818,37121,-82.142844,35.977691,1
"383",10.5068090610659,37123,-79.903306,35.340096,1
"384",9.97160810956816,37147,-77.391082,35.589908,1
"385",10.7108377702256,37155,-79.106531,34.658374,1
"386",11.6810608083505,37159,-80.515502,35.617342,1
"387",10.1507817845627,37173,-83.446528,35.421822,1
"388",10.7478311836223,37183,-78.665751,35.796512,1
"389",9.43459239453357,37189,-81.700107,36.217932,1
"390",11.0599438832772,37191,-77.995343,35.364712,1
"391",4.46019342212702,38007,-103.359665,46.990106,2
"392",7.05767640265159,38015,-100.641038,46.890682,2
"393",8.59815859385905,38017,-97.084444,46.899583,1
"394",6.12148745519713,38057,-101.686375,47.284699,2
"395",9.71960606060606,39009,-82.075082,39.356909,1
"396",13.4246728289138,39017,-84.513194,39.427856,1
"397",12.77689765739,39023,-83.826362,39.921309,1
"398",11.5753587266828,39025,-84.177419,39.059566,1
"399",12.5936655468382,39035,-81.663852,41.460301,1
"400",11.9092415807718,39049,-82.996532,39.990514,1
"401",11.8757667688817,39057,-83.949396,39.712555,1
"402",13.7709865393588,39061,-84.493792,39.179526,1
"403",12.8078287596983,39081,-80.72585,40.360701,1
"404",12.2284521854719,39087,-82.547506,38.530404,1
"405",10.4150769529002,39093,-82.135816,41.370274,1
"406",11.5563892135782,39095,-83.608466,41.649267,1
"407",12.4347670067491,39099,-80.706497,41.052558,1
"408",11.1490500162763,39103,-81.872052,41.11258,1
"409",13.2179099035547,39113,-84.21859,39.750258,1
"410",11.4944177911044,39133,-81.253721,41.172189,1
"411",11.6850967823027,39135,-84.637188,39.74386,1
"412",11.5947060815405,39145,-82.943068,38.78893,1
"413",13.2246412927179,39151,-81.383599,40.819408,1
"414",13.0829872749355,39153,-81.520637,41.095605,1
"415",11.8646892655367,39165,-84.221759,39.440152,1
"416",12.23285559637,40001,-94.640694,35.896421,1
"417",8.9506436717737,40015,-98.344737,35.136539,1
"418",10.7164075537989,40097,-95.211238,36.314823,1
"419",10.5491344604625,40101,-95.367134,35.686587,1
"420",9.6306288837866,40109,-97.496525,35.509671,1
"421",9.46711323763955,40115,-94.839825,36.861373,1
"422",10.2178741406663,40121,-95.7143,34.939711,1
"423",10.2451206140351,40135,-94.788897,35.484348,1
"424",11.1472156911725,40143,-95.938999,36.124761,1
"425",4.978396874298,41017,-121.337204,43.996058,2
"426",11.4225845410628,41025,-119.039719,43.461427,2
"427",6.54402211698387,41029,-122.785659,42.389833,2
"428",7.85746426250812,41033,-123.432362,42.362158,2
"429",11.2011307767945,41035,-121.651634,42.662031,2
"430",9.60610446840563,41037,-120.57698,42.713376,2
"431",7.98116553828948,41039,-123.080812,43.989252,2
"432",9.55933933933934,41043,-122.731425,44.544833,2
"433",7.13897840264273,41051,-122.613233,45.522473,2
"434",7.51253738783649,41059,-118.817308,45.637299,2
"435",6.72289109682447,41061,-118.031311,45.325011,2
"436",8.61749931072512,41067,-122.915144,45.496796,2
"437",11.3551950960356,42001,-77.182542,39.854379,1
"438",13.1360618372132,42003,-79.959705,40.440569,1
"439",12.8972542216254,42007,-80.312675,40.695415,1
"440",11.1321021621822,42011,-75.914242,40.377743,1
"441",11.3428938232784,42017,-75.027841,40.254936,1
"442",13.1956295726496,42021,-78.789233,40.435472,1
"443",9.92346120659214,42027,-77.834459,40.887275,1
"444",13.6544290469195,42029,-75.683302,39.988807,1
"445",13.9194602707098,42041,-77.133685,40.201203,1
"446",12.4209249399068,42043,-76.804656,40.324487,1
"447",13.3081934177611,42045,-75.350636,39.912978,1
"448",10.5110734476415,42049,-80.056979,42.052025,1
"449",9.6772187240439,42069,-75.632209,41.43348,1
"450",12.7020435686769,42071,-76.281219,40.06767,1
"451",11.0205342125979,42085,-80.313128,41.294427,1
"452",10.7740011336332,42091,-75.317433,40.170596,1
"453",12.7091824512936,42095,-75.322072,40.702861,1
"454",11.5009953445245,42101,-75.144793,39.998012,1
"455",11.838172412336,42125,-80.13855,40.182615,1
"456",13.2813176174198,42129,-79.561874,40.326108,1
"457",12.4597419915924,42133,-76.742183,39.927299,1
"458",6.61591751334222,44003,-71.479529,41.704125,1
"459",8.69011815774355,44007,-71.456165,41.852849,1
"460",9.20163304752858,45019,-79.991379,32.809639,1
"461",10.2971142483007,45025,-80.15629,34.654172,1
"462",10.7400240500241,45037,-81.904462,33.771236,1
"463",10.5630495400263,45041,-79.740304,34.065068,1
"464",11.5585938746887,45045,-82.353114,34.861272,1
"465",11.4228027810029,45063,-81.232319,33.949223,1
"466",8.60029074381825,45073,-83.02142,34.715038,1
"467",11.2039298127196,45079,-80.974331,34.035404,1
"468",8.31935611851578,46011,-96.798488,44.34542,1
"469",8.13603942755946,46013,-98.381992,45.538665,1
"470",8.63198170755892,46029,-97.157383,44.939334,1
"471",4.32473577258088,46033,-103.51523,43.693106,2
"472",4.17590077169482,46071,-101.669286,43.76851,2
"473",9.10132321826058,46099,-96.742201,43.601442,1
"474",6.10528517104277,46103,-103.105497,44.045194,2
"475",11.7823916935195,47009,-83.969238,35.754277,1
"476",10.8153386745778,47037,-86.765764,36.156595,1
"477",10.1044988057919,47045,-89.358984,36.060464,1
"478",11.4809949081829,47065,-85.2301,35.095522,1
"479",12.1552691594563,47093,-83.955932,35.973115,1
"480",9.04344598105775,47099,-87.375807,35.205257,1
"481",12.445652173913,47105,-84.29551,35.744899,1
"482",11.7211199914749,47107,-84.595909,35.41638,1
"483",9.7214552545156,47113,-88.827384,35.628652,1
"484",9.75586180958521,47119,-87.064841,35.616397,1
"485",10.6075389666176,47125,-87.370428,36.510616,1
"486",10.4591444106378,47141,-85.495277,36.157835,1
"487",12.0353832018138,47145,-84.526726,35.87976,1
"488",10.6580542566339,47157,-89.926902,35.133382,1
"489",11.0539762954624,47163,-82.383596,36.530363,1
"490",10.431050257732,47165,-86.487509,36.436444,1
"491",8.9111255603606,48029,-98.508944,29.453231,1
"492",11.277834613857,48037,-94.250198,33.43807,1
"493",5.34960373116053,48043,-103.402219,29.994131,2
"494",10.7113321544356,48061,-97.557442,26.082987,1
"495",10.1029541111782,48113,-96.788828,32.803579,1
"496",7.41224168467053,48135,-102.43482,31.867206,2
"497",9.74765199671523,48139,-96.798436,32.391428,1
"498",10.3050851370785,48141,-106.351813,31.770159,2
"499",11.7279558338076,48201,-95.363056,29.787777,1
"500",9.87371311989956,48203,-94.353085,32.548681,1
"501",10.2047614797847,48215,-98.159799,26.242291,1
"502",9.86604548789435,48245,-94.061768,29.98423,1
"503",7.7402380952381,48303,-101.852068,33.570085,2
"504",9.72221823933551,48355,-97.458944,27.747148,1
"505",9.83538961038961,48361,-93.842055,30.114604,1
"506",5.99885671918139,48375,-101.842212,35.257052,2
"507",10.3045918073048,48439,-97.26583,32.76383,1
"508",9.2146476941485,48453,-97.769809,30.321806,1
"509",7.97454300238614,49003,-112.480319,41.595787,2
"510",9.75774088312412,49005,-111.842117,41.751082,2
"511",9.63155203967738,49011,-111.940753,41.00435,2
"512",9.63223241847081,49035,-111.915566,40.655802,2
"513",6.62455532902934,49045,-112.690027,40.415422,2
"514",8.86685828172715,49049,-111.73671,40.236597,2
"515",9.19589464159308,49057,-111.972867,41.232183,2
"516",6.90222222222222,50003,-73.107955,43.029418,1
"517",6.29683653528726,50007,-73.12727,44.475682,1
"518",9.78223904148171,50021,-73.05306,43.595081,1
"519",9.3864455157637,51003,-78.535282,38.024179,1
"520",10.8817011927181,51013,-77.10826,38.880344,1
"521",9.48757888114595,51036,-77.071609,37.344868,1
"522",10.2362047552975,51041,-77.545895,37.419938,1
"523",10.3534592553053,51059,-77.249565,38.840845,1
"524",11.075065913371,51069,-78.244616,39.192751,1
"525",9.76781848706826,51087,-77.476994,37.584747,1
"526",10.1907621082621,51107,-77.568819,39.064634,1
"527",9.84487541239105,51139,-78.488469,38.613462,1
"528",10.8019088319088,51165,-78.84438,38.466513,1
"529",10.2215301318267,51520,-82.176193,36.611116,1
"530",9.32761898089767,51680,-79.170205,37.403672,1
"531",10.2577933993594,51710,-76.2599,36.885747,1
"532",10.3145980079593,51770,-79.955711,37.276895,1
"533",9.92818679537931,51775,-80.055836,37.286895,1
"534",9.80280614666391,51810,-76.087179,36.834498,1
"535",7.93077902151641,53011,-122.547831,45.692187,2
"536",7.93944411490059,53033,-122.196851,47.548745,2
"537",8.84377007829653,53053,-122.383565,47.171571,2
"538",7.82149191897902,53061,-122.094183,47.976838,2
"539",9.46225263808188,53077,-120.512943,46.482454,2
"540",12.8764114273625,54003,-77.983926,39.462988,1
"541",13.3398029761572,54009,-80.590963,40.296424,1
"542",13.0437226884185,54011,-82.323238,38.412924,1
"543",12.4051819949986,54029,-80.575484,40.504722,1
"544",11.7832403262114,54033,-80.341952,39.297035,1
"545",12.420487387962,54039,-81.605694,38.34893,1
"546",12.8436945026791,54049,-80.197936,39.499846,1
"547",13.1318613325649,54051,-80.712893,39.907446,1
"548",11.5568368020345,54061,-79.994783,39.634786,1
"549",12.4233210639628,54069,-80.67612,40.078772,1
"550",10.1144205471639,54081,-81.228271,37.771342,1
"551",12.8403648688476,54107,-81.5317,39.259427,1
"552",5.71523907808738,55003,-90.721893,46.337524,1
"553",11.3662880536154,55009,-88.032769,44.493492,1
"554",11.098743664562,55025,-89.393668,43.071496,1
"555",6.30819786503374,55041,-88.770485,45.604373,1
"556",11.2191912054405,55043,-90.667336,42.876486,1
"557",10.4409234137763,55059,-87.952431,42.568669,1
"558",10.0585723614208,55063,-91.189127,43.859415,1
"559",9.41794745484401,55071,-87.75858,44.102318,1
"560",11.5759336442523,55079,-87.960713,43.034113,1
"561",10.2481154110321,55087,-88.410017,44.336535,1
"562",10.0309493797519,55089,-87.944718,43.329252,1
"563",9.74949138853279,55109,-92.506966,45.028469,1
"564",9.20805996457349,55111,-89.90087,43.444512,1
"565",8.48309472249895,55119,-90.491269,45.191826,1
"566",6.11159409772617,55125,-89.531836,46.024577,1
"567",11.9759798147557,55133,-88.255888,43.036352,1
"568",5.27225233101856,56005,-105.496159,44.085797,2
"569",3.38262576396183,56009,-105.502721,42.857379,2
"570",8.50559576495175,56013,-108.681116,43.098213,2
"571",4.1327393431167,56021,-104.762083,41.196199,2
"572",4.95557025220927,56029,-108.999016,44.568961,2
"573",6.54923928184728,56033,-106.96813,44.783629,2
"574",5.63258693361433,56035,-109.991147,42.750949,2
"575",6.34970982855398,56037,-109.168198,41.640708,2
"576",4.56580800325485,56039,-110.673534,43.612124,2
